repo_name,easy_file,hard_file
kataras/iris,middleware/cors/cors.go,context/context.go
nadoo/glider,config.go,service/dhcpd/dhcpd.go
Jeffail/benthos,lib/processor/resource.go,lib/processor/util.go
Jeffail/benthos,lib/output/sync_response.go,lib/processor/util.go
Jeffail/benthos,lib/processor/avro.go,lib/processor/util.go
Jeffail/benthos,lib/serverless/handler.go,lib/processor/util.go
Jeffail/benthos,lib/processor/for_each.go,lib/processor/util.go
Jeffail/benthos,lib/input/amqp_0_9.go,lib/processor/util.go
Jeffail/benthos,lib/processor/switch.go,lib/processor/util.go
Jeffail/benthos,lib/processor/sync_response.go,lib/processor/util.go
Jeffail/benthos,lib/processor/parallel.go,lib/processor/util.go
Jeffail/benthos,lib/message/batch/policy.go,lib/processor/util.go
Jeffail/benthos,internal/config/resource_reader.go,public/service/cache.go
Jeffail/benthos,lib/output/fallback.go,public/service/cache.go
Jeffail/benthos,public/service/stream_builder.go,public/service/cache.go
Jeffail/benthos,public/service/processor.go,public/service/cache.go
Jeffail/benthos,internal/bundle/package.go,public/service/cache.go
Jeffail/benthos,internal/component/metrics/mapping.go,public/service/cache.go
Jeffail/benthos,internal/template/template.go,public/service/cache.go
Jeffail/benthos,public/components/legacy/package.go,public/service/cache.go
Jeffail/benthos,lib/output/aws_dynamodb.go,lib/input/aws_kinesis.go
Jeffail/benthos,lib/processor/aws_lambda.go,lib/input/aws_kinesis.go
Jeffail/benthos,lib/output/aws_kinesis_firehose.go,lib/input/aws_kinesis.go
Jeffail/benthos,lib/processor/branch.go,lib/input/aws_kinesis.go
Jeffail/benthos,lib/input/resource.go,lib/input/aws_kinesis.go
Jeffail/benthos,lib/output/aws_kinesis.go,lib/input/aws_kinesis.go
Jeffail/benthos,lib/processor/bloblang.go,lib/input/aws_kinesis.go
hknutzen/Netspoc,go/pkg/pass1/setup-objects.go,go/pkg/pass1/export.go
hknutzen/Netspoc,go/pkg/pass1/setup-objects.go,go/pkg/pass1/find-subnets.go
alicebob/miniredis,cmd_sorted_set.go,redis.go
matrix-org/dendrite,internal/version.go,roomserver/storage/postgres/events_table.go
cloudflare/cloudflare-go,zones.go,cloudflare_experimental.go
